{
  "experiment_metadata": {
    "total_samples": 729,
    "truthful_samples": 357,
    "hallucinated_samples": 372,
    "class_balance": {
      "truthful_percentage": 48.971193415637856,
      "hallucinated_percentage": 51.028806584362144
    }
  },
  "performance_metrics": {
    "classification_report": {
      "0": {
        "precision": 0.7367088607594937,
        "recall": 0.8151260504201681,
        "f1-score": 0.773936170212766,
        "support": 357
      },
      "1": {
        "precision": 0.8023952095808383,
        "recall": 0.7204301075268817,
        "f1-score": 0.7592067988668555,
        "support": 372
      },
      "accuracy": 0.766803840877915,
      "macro avg": {
        "precision": 0.769552035170166,
        "recall": 0.7677780789735249,
        "f1-score": 0.7665714845398107,
        "support": 729
      },
      "weighted avg": {
        "precision": 0.770227820651867,
        "recall": 0.766803840877915,
        "f1-score": 0.766419947797569,
        "support": 729
      }
    },
    "auc_roc": 0.858980151200265,
    "confusion_matrix": [
      [
        291,
        66
      ],
      [
        104,
        268
      ]
    ],
    "num_errors": 170,
    "error_rate": 0.23319615912208502,
    "optimal_threshold": {
      "value": 0.15000000000000002,
      "metrics_at_optimal": {
        "threshold": 0.15000000000000002,
        "accuracy": 0.7215363511659808,
        "precision_hallucinated": 0.6686626746506986,
        "recall_hallucinated": 0.9005376344086021,
        "f1_hallucinated": 0.7674684994272623,
        "precision_truthful": 0.8377192982456141,
        "recall_truthful": 0.5350140056022409,
        "f1_truthful": 0.652991452991453
      }
    }
  },
  "score_distributions": {
    "truthful_scores": {
      "statistics": {
        "mean": 0.24534446381067965,
        "std": 0.27820191673528083,
        "min": 0.0006708380883101952,
        "max": 0.9977060214323223,
        "median": 0.12178715129025107,
        "q25": 0.017354517544267978,
        "q75": 0.38001928636987786
      },
      "sample_scores": [
        0.011050881413759874,
        0.5807336557292174,
        0.21015684974030213,
        0.3967244584886785,
        0.14163619178250755,
        0.8324974953722998,
        0.07331099002445024,
        0.15759621954151323,
        0.12878133363032837,
        0.10248681789736777,
        0.0033222110558142554,
        0.0034246555152034133,
        0.905016446558835,
        0.006428305107957012,
        0.020248029957719817,
        0.02677722343699392,
        0.15570274679890117,
        0.23060789046187605,
        0.48708677098801356,
        0.12770602107760276,
        0.055821545456556945,
        0.007409615788385182,
        0.32538593453637044,
        0.0025420324853608015,
        0.20659283752614072,
        0.054669295832482374,
        0.0258575188842018,
        0.08990767814726865,
        0.03191499602911842,
        0.0026506036821706083,
        0.24840501111258204,
        0.008505435717235898,
        0.9358015166523549,
        0.060674093471788954,
        0.3634654487102737,
        0.008315067295620508,
        0.011878485258289247,
        0.04834254822312426,
        0.01579769551745148,
        0.002071518600943545,
        0.6209811845873432,
        0.2936739182712727,
        0.10536545226460534,
        0.0051982349203771455,
        0.38869605063358775,
        0.32625532447260963,
        0.07107228483982628,
        0.02959173394709983,
        0.132609188719583,
        0.4304597204225088,
        0.03982075687413954,
        0.002321767870668411,
        0.06293765799726929,
        0.9873875530737642,
        0.6225047020509161,
        0.6852408066715945,
        0.41291823254273535,
        0.0032583867897210614,
        0.001907571298244217,
        0.47208759933537087,
        0.8857391002547426,
        0.005018481082148301,
        0.0011758818786285785,
        0.4306005547493652,
        0.0032493449790833803,
        0.005097220978179459,
        0.465056962319519,
        0.03975451647607423,
        0.19363734280617817,
        0.42103194320497206,
        0.3118901541431135,
        0.012986371682527576,
        0.06958818522099562,
        0.2734078671908288,
        0.0033759838905598177,
        0.006030289233978697,
        0.17063403724528403,
        0.6220769039154137,
        0.07402071408573957,
        0.20928196677589997,
        0.5541641675048812,
        0.31180803526623646,
        0.09518637813700387,
        0.8110859377156716,
        0.5718258690003736,
        0.004716852135477808,
        0.36466528923957026,
        0.021574478875524328,
        0.20573812348813506,
        0.0019767273762669782,
        0.003494196377904817,
        0.8748888307419092,
        0.14367352820947338,
        0.01200515529225747,
        0.5123236146847335,
        0.0027637055970894924,
        0.05082991423350692,
        0.059418348246766076,
        0.5379203268477432,
        0.2151921131674481
      ]
    },
    "hallucinated_scores": {
      "statistics": {
        "mean": 0.7289450565363517,
        "std": 0.3417276064001809,
        "min": 0.006814864991367261,
        "max": 0.9995182424583934,
        "median": 0.9694879661829916,
        "q25": 0.4315696747506138,
        "q75": 0.9927251915057606
      },