{
  "experiment_metadata": {
    "total_samples": 119,
    "truthful_samples": 56,
    "hallucinated_samples": 63,
    "class_balance": {
      "truthful_percentage": 47.05882352941176,
      "hallucinated_percentage": 52.94117647058824
    }
  },
  "performance_metrics": {
    "classification_report": {
      "0": {
        "precision": 0.6842105263157895,
        "recall": 0.6964285714285714,
        "f1-score": 0.6902654867256636,
        "support": 56
      },
      "1": {
        "precision": 0.7258064516129032,
        "recall": 0.7142857142857143,
        "f1-score": 0.7200000000000001,
        "support": 63
      },
      "accuracy": 0.7058823529411765,
      "macro avg": {
        "precision": 0.7050084889643464,
        "recall": 0.7053571428571428,
        "f1-score": 0.7051327433628318,
        "support": 119
      },
      "weighted avg": {
        "precision": 0.7062318985319085,
        "recall": 0.7058823529411765,
        "f1-score": 0.7060072878709005,
        "support": 119
      }
    },
    "auc_roc": 0.7970521541950113,
    "confusion_matrix": [
      [
        39,
        17
      ],
      [
        18,
        45
      ]
    ],
    "num_errors": 35,
    "error_rate": 0.2941176470588235,
    "optimal_threshold": {
      "value": 0.15000000000000002,
      "metrics_at_optimal": {
        "threshold": 0.15000000000000002,
        "accuracy": 0.6974789915966386,
        "precision_hallucinated": 0.6551724137931034,
        "recall_hallucinated": 0.9047619047619048,
        "f1_hallucinated": 0.7599999999999999,
        "precision_truthful": 0.8125,
        "recall_truthful": 0.4642857142857143,
        "f1_truthful": 0.5909090909090908
      }
    }
  },
  "score_distributions": {
    "truthful_scores": {
      "statistics": {
        "mean": 0.3520862832830147,
        "std": 0.3634334519540997,
        "min": 0.002957653567325947,
        "max": 0.9884132655713092,
        "median": 0.17117482959465896,
        "q25": 0.03403377943042438,
        "q75": 0.7288889657119588
      },
      "sample_scores": [
        0.03272455957562497,
        0.0071287617905049115,
        0.1570904836832908,
        0.8796614076378331,
        0.005615408571471078,
        0.002957653567325947,
        0.7159072641828613,
        0.04053770848960238,
        0.3271881299974331,
        0.055314635945539314,
        0.00845562011398292,
        0.9199880897801247,
        0.8100569755273701,
        0.014290341551105161,
        0.43628852529859585,
        0.12041762215062163,
        0.024404796277395058,
        0.18525917550602714,
        0.9301061578990174,
        0.9884132655713092,
        0.054844644644048604,
        0.7678340702992513,
        0.003319833184201488,
        0.8249563332750861,
        0.24449697389586802,
        0.938467885322451,
        0.2454587907086539,
        0.03447018604869084,
        0.013378807686202712,
        0.44380952115473604,
        0.09600105078140067,
        0.12773696885266203,
        0.7046019081214905,
        0.9555749344871738,
        0.9849225508839728,
        0.8775293090139143,
        0.15092057863859168,
        0.4641800978942669,
        0.060948432065847276,
        0.14673861916785866,
        0.06921990626677443,
        0.03570380368353638,
        0.9031971483021086,
        0.9218905327689316,
        0.5252983671001163,
        0.19931755847519725,
        0.028251712223061498,
        0.9834373392343077,
        0.0072585821364183805,
        0.39664366446825816,
        0.0053732924377081085,
        0.00710795255539395,
        0.054864970776929645,
        0.013833437967376985,
        0.458417150926248,
        0.3050183652830541
      ]
    },
    "hallucinated_scores": {
      "statistics": {
        "mean": 0.7177306055143572,
        "std": 0.3529702014595369,
        "min": 0.0044203632657865005,
        "max": 0.9989855730119213,
        "median": 0.9885396494260043,
        "q25": 0.3813399959350038,
        "q75": 0.9960186125832914
      },
      "sample_scores": [
        0.15125109224273314,
        0.9985683136898165,
        0.9938854155276741,
        0.9982039617003864,
        0.997755015868311,
        0.2503147306556761,
        0.9953437598209242,
        0.9962261114240422,
        0.9933653594192688,
        0.9776282101438037,
        0.7636433951812951,
        0.9891638485259664,
        0.9885396494260043,
        0.40669016942978004,
        0.3257419688706738,
        0.9912354701491202,
        0.8439471414648372,
        0.3878324772464544,
        0.6934732138227824,
        0.9952758768242378,
        0.990722693604679,
        0.0044203632657865005,
        0.992422998803005,
        0.01340186916100647,
        0.8301474650625144,
        0.9974754095289452,
        0.9964604320922766,
        0.9937153197632586,
        0.9924951611591789,
        0.8363024371897666,
        0.1336107949930987,
        0.9986360488021542,
        0.9967866356391433,
        0.9913838885847023,
        0.21988139951449262,
        0.16179136917807313,
        0.9323212664189979,
        0.99680113932563,
        0.23003399105689246,
        0.05262305101173792,
        0.9969403195778292,
        0.9989855730119213,
        0.012074708104662142,
        0.9977187981229108,
        0.19730270610387338,
        0.5303670028409047,
        0.9955515582683586,
        0.9958111137425406,
        0.25167468950736055,
        0.6998663543757804,
        0.9984140052829616,
        0.9933849072493663,
        0.6149174676309441,
        0.996293376377927,
        0.052265951406242184,
        0.356447823794283,
        0.9957655914805724,
        0.6448704816713392,
        0.7969847081318518,
        0.6225314749749985,
        0.9967730367620835,
        0.9977200687731163,
        0.37484751462355315
      ]
    },
    "separation_analysis": {
      "score_separation": 0.36564432223134247,
      "effect_size_cohens_d": 1.020668524939259,
      "overlap_coefficient": 0.987916988164565,
      "distribution_overlap_percentage": 98.7916988164565
    }
  },
  "threshold_analysis": [
    {
      "threshold": 0.1,
      "accuracy": 0.680672268907563,
      "precision_hallucinated": 0.6373626373626373,
      "recall_hallucinated": 0.9206349206349206,
      "f1_hallucinated": 0.7532467532467533,
      "precision_truthful": 0.8214285714285714,
      "recall_truthful": 0.4107142857142857,
      "f1_truthful": 0.5476190476190476
    },
    {
      "threshold": 0.15000000000000002,
      "accuracy": 0.6974789915966386,
      "precision_hallucinated": 0.6551724137931034,
      "recall_hallucinated": 0.9047619047619048,
      "f1_hallucinated": 0.7599999999999999,
      "precision_truthful": 0.8125,
      "recall_truthful": 0.4642857142857143,
      "f1_truthful": 0.5909090909090908
    },
    {
      "threshold": 0.20000000000000004,
      "accuracy": 0.7058823529411765,
      "precision_hallucinated": 0.675,
      "recall_hallucinated": 0.8571428571428571,
      "f1_hallucinated": 0.7552447552447553,
      "precision_truthful": 0.7692307692307693,
      "recall_truthful": 0.5357142857142857,
      "f1_truthful": 0.6315789473684211
    },
    {
      "threshold": 0.25000000000000006,
      "accuracy": 0.7058823529411765,
      "precision_hallucinated": 0.6842105263157895,
      "recall_hallucinated": 0.8253968253968254,
      "f1_hallucinated": 0.7482014388489208,
      "precision_truthful": 0.7441860465116279,
      "recall_truthful": 0.5714285714285714,
      "f1_truthful": 0.6464646464646464
    },
    {
      "threshold": 0.30000000000000004,
      "accuracy": 0.6890756302521008,
      "precision_hallucinated": 0.6756756756756757,
      "recall_hallucinated": 0.7936507936507936,
      "f1_hallucinated": 0.72992700729927,
      "precision_truthful": 0.7111111111111111,
      "recall_truthful": 0.5714285714285714,
      "f1_truthful": 0.6336633663366337
    },
    {
      "threshold": 0.3500000000000001,
      "accuracy": 0.6974789915966386,